ConfigIndex,RunIndex,N,StartNode,InitialCost,SolveTime,Improved,Improvement,ObjectiveValue,AvgTime,AvgBestCost,ImprovementCount
1,1,11,3,118.138,0.00196233,1,49.8677,59.2251,,
1,2,11,3,112.795,0.00138471,1,40.2148,67.4346,,
1,3,11,0,108.459,0.00147333,1,40.6711,64.3473,,
1,4,11,2,101.83,0.00319025,1,45.6379,55.3567,,
1,5,11,8,117.607,0.00168271,1,47.8137,61.3745,,
1,6,11,4,76.4872,0.00141158,1,27.6261,55.3567,,
1,7,11,8,100.063,0.001649,1,38.6133,61.4251,,
1,8,11,10,109.566,0.000906625,1,41.0271,64.6139,,
1,9,11,8,100.859,0.00132763,1,33.5951,66.9751,,
1,10,11,8,108.736,0.00251033,1,49.0908,55.3567,,
1,,,,,,,,0.00174985,61.1466,10

1,1,11,2,105.316,0.000858167,1,38.5592,64.7069,,
1,2,11,7,110.281,0.00144654,1,42.6978,63.1933,,
1,3,11,6,83.6838,0.00181425,1,21.0957,66.0301,,
1,4,11,8,109.65,0.00110888,1,42.4875,63.0624,,
1,5,11,4,102.679,0.00202388,1,39.6779,61.938,,
1,6,11,1,110.26,0.00112888,1,42.5901,63.3003,,
1,7,11,10,82.4637,0.00081775,1,22.9262,63.5579,,
1,8,11,1,101.899,0.00286808,1,37.7111,63.4718,,
1,9,11,4,112.668,0.0018245,1,44.2623,62.7985,,
1,10,11,2,107.751,0.0009245,1,39.601,65.0805,,
1,,,,,,,,0.00148154,63.714,10

1,1,11,0,84.7571,0.00107337,1,30.3514,59.0322,,
1,2,11,2,112.596,0.000917125,1,41.7887,65.5439,,
1,3,11,7,106.293,0.00089175,1,40.8799,62.8407,,
1,4,11,8,83.6562,0.00127462,1,26.7126,61.3095,,
1,5,11,7,103.331,0.00155529,1,37.2745,64.8147,,
1,6,11,6,89.0788,0.000953,1,29.6557,62.6618,,
1,7,11,10,102.146,0.00087225,1,39.9335,61.3556,,
1,8,11,3,98.0945,0.00101683,1,36.1241,62.6587,,
1,9,11,8,111.343,0.00095925,1,40.8713,65.8355,,
1,10,11,4,107.261,0.000715458,1,37.3038,67.2484,,
1,,,,,,,,0.0010229,63.3301,10

2,1,11,0,114.821,0.00184525,1,51.6502,55.5157,,
2,2,11,7,74.7523,0.001695,1,25.7338,55.5157,,
2,3,11,9,102.689,0.000837292,1,36.4568,65.2517,,
2,4,11,6,104.617,0.00085725,1,38.001,64.8617,,
2,5,11,10,89.236,0.00174621,1,37.7877,55.5157,,
2,6,11,10,110.861,0.000653041,1,39.3898,67.1929,,
2,7,11,8,78.5918,0.000594958,1,15.5893,66.3399,,
2,8,11,2,114.418,0.000971291,1,45.1588,62.7479,,
2,9,11,1,90.0756,0.00204858,1,38.3676,55.5157,,
2,10,11,6,81.2167,0.000710875,1,23.5117,62.1213,,
2,,,,,,,,0.00119597,61.0578,10

2,1,11,2,116.33,0.000925917,1,43.9564,65.1956,,
2,2,11,2,113.632,0.000561917,1,41.4,66.5886,,
2,3,11,9,111.388,0.0006715,1,44.8942,61.3809,,
2,4,11,4,101.699,0.000905417,1,36.2044,64.8797,,
2,5,11,2,120.164,0.00063925,1,51.711,58.0258,,
2,6,11,4,106.152,0.00103733,1,39.9824,63.7101,,
2,7,11,8,80.2337,0.00164704,1,20.6422,63.6717,,
2,8,11,9,113.403,0.000883333,1,43.6831,63.8651,,
2,9,11,2,86.5363,0.000638875,1,25.9958,64.0405,,
2,10,11,7,112.76,0.0012545,1,46.5702,60.2474,,
2,,,,,,,,0.000916508,63.1605,10

2,1,11,6,109.275,0.000530583,1,42.5219,62.8092,,
2,2,11,1,68.0689,0.00102804,1,4.41315,65.0649,,
2,3,11,9,105.034,0.000911583,1,38.075,65.0424,,
2,4,11,8,97.5697,0.000760583,1,31.5844,66.7529,,
2,5,11,6,106.15,0.000767875,1,39.6222,64.0908,,
2,6,11,9,107.628,0.000589042,1,41.0661,63.4296,,
2,7,11,5,75.3969,0.000828834,1,13.0226,65.5783,,
2,8,11,4,109.921,0.000525958,1,43.1709,62.467,,
2,9,11,8,120.313,0.001007,1,48.1364,62.3986,,
2,10,11,2,106.061,0.000407792,1,39.8031,63.8453,,
2,,,,,,,,0.000735729,64.1479,10

3,1,11,2,106.519,0.00128208,1,47.0167,56.4374,,
3,2,11,10,105.57,0.00122667,1,46.5402,56.4374,,
3,3,11,10,114.012,0.00129787,1,50.4988,56.4374,,
3,4,11,9,103.81,0.000498,1,43.3695,58.7883,,
3,5,11,6,76.8208,0.000446917,1,21.4114,60.3723,,
3,6,11,5,98.7054,0.000753084,1,37.2104,61.9768,,
3,7,11,5,100.967,0.000630375,1,40.4991,60.0763,,
3,8,11,6,107.983,0.00128375,1,47.7352,56.4374,,
3,9,11,8,95.2428,0.000444708,1,31.4222,65.3154,,
3,10,11,2,106.269,0.00128442,1,46.8921,56.4374,,
3,,,,,,,,0.000914787,58.8716,10

3,1,11,2,106.601,0.000634292,1,40.9279,62.9712,,
3,2,11,10,104.124,0.00044725,1,34.752,67.939,,
3,3,11,2,115.284,0.00055325,1,43.125,65.5677,,
3,4,11,0,90.8016,0.000449208,1,28.7148,64.7282,,
3,5,11,1,113.765,0.000504792,1,42.8526,65.0138,,
3,6,11,9,108.051,0.000632125,1,41.607,63.0941,,
3,7,11,3,89.9349,0.000644333,1,26.2619,66.3163,,
3,8,11,10,110.923,0.000675584,1,46.2523,59.6185,,
3,9,11,8,119.049,0.000517708,1,46.317,63.9091,,
3,10,11,2,107.321,0.000703,1,41.0221,63.2955,,
3,,,,,,,,0.000576154,64.2453,10

3,1,11,1,98.306,0.000751125,1,34.8399,64.0563,,
3,2,11,9,103.595,0.000489458,1,36.3401,65.9484,,
3,3,11,9,91.6786,0.000779375,1,28.2882,65.7444,,
3,4,11,0,72.917,0.000501042,1,13.3784,63.1619,,
3,5,11,6,111.357,0.000729125,1,45.0535,61.1869,,
3,6,11,3,75.2938,0.000464083,1,12.4265,65.9374,,
3,7,11,2,85.0931,0.000422875,1,24.4468,64.2906,,
3,8,11,4,106.107,0.000444167,1,39.8039,63.8722,,
3,9,11,2,106.738,0.000659042,1,41.0886,62.8807,,
3,10,11,6,110.56,0.00080575,1,45.062,60.7393,,
3,,,,,,,,0.000604604,63.7818,10

4,1,11,5,112.678,0.00110042,1,49.7734,56.5942,,
4,2,11,6,107.399,0.00122212,1,47.3049,56.5942,,
4,3,11,10,83.2021,0.000744292,1,22.4068,64.5591,,
4,4,11,7,119.755,0.00037625,1,45.2286,65.5916,,
4,5,11,0,96.7249,0.00112587,1,41.4895,56.5942,,
4,6,11,5,104.277,0.000497584,1,39.4649,63.1245,,
4,7,11,1,73.5019,0.00103871,1,23.003,56.5942,,
4,8,11,4,104.431,0.000384292,1,38.1429,64.5978,,
4,9,11,1,114.351,0.000507875,1,43.6785,64.4041,,
4,10,11,7,108.007,0.000387375,1,38.5773,66.3407,,
4,,,,,,,,0.000738479,61.4995,10

4,1,11,4,80.0658,0.000460958,1,18.8861,64.9445,,
4,2,11,4,109.197,0.000351958,1,39.7498,65.7916,,
4,3,11,4,108.417,0.000436375,1,40.3866,64.6311,,
4,4,11,8,108.034,0.0006875,1,40.2004,64.6037,,
4,5,11,3,112.996,0.000772625,1,42.4181,65.0651,,
4,6,11,8,113.277,0.000690917,1,43.5023,63.9988,,
4,7,11,4,112.478,0.000631208,1,44.0006,62.9869,,
4,8,11,3,108.474,0.000479416,1,43.6901,61.0814,,
4,9,11,2,119.524,0.000408916,1,45.0391,65.6913,,
4,10,11,5,117.853,0.000741709,1,42.9827,67.1967,,
4,,,,,,,,0.000566158,64.5991,10

4,1,11,5,97.7833,0.000687084,1,34.3277,64.2166,,
4,2,11,9,117.655,0.000680584,1,44.2504,65.5925,,
4,3,11,2,117.573,0.000830542,1,44.5619,65.18,,
4,4,11,8,98.0757,0.000640541,1,34.659,64.0837,,
4,5,11,3,78.0178,0.0006795,1,21.5702,61.1891,,
4,6,11,8,114.448,0.000595292,1,41.4204,67.0433,,
4,7,11,10,103.354,0.000474,1,34.598,67.5954,,
4,8,11,6,117.879,0.000588208,1,45.2768,64.5071,,
4,9,11,9,101.643,0.000575542,1,32.3767,68.7344,,
4,10,11,7,106.105,0.000553667,1,42.636,60.8658,,
4,,,,,,,,0.000630496,64.9008,10

5,1,11,6,99.8466,0.00035375,1,32.9131,66.9839,,
5,2,11,3,107.869,0.00114021,1,46.8688,57.3122,,
5,3,11,3,101.149,0.00106154,1,43.3387,57.3122,,
5,4,11,1,111.979,0.000541583,1,43.8989,62.8216,,
5,5,11,4,104.705,0.00110458,1,45.2633,57.3122,,
5,6,11,9,84.9348,0.00127283,1,32.5221,57.3122,,
5,7,11,0,106.403,0.000525708,1,38.0101,65.9594,,
5,8,11,5,106.674,0.00122412,1,46.2736,57.3122,,
5,9,11,4,112.64,0.00067425,1,41.626,65.7525,,
5,10,11,1,111.461,0.000617333,1,44.4506,61.9158,,
5,,,,,,,,0.000851592,60.9994,10

5,1,11,0,96.0538,0.00042475,1,32.4634,64.8715,,
5,2,11,1,110.58,0.00125075,1,42.1482,63.9723,,
5,3,11,0,109.28,0.00125654,1,38.4517,67.2602,,
5,4,11,1,97.2942,0.00146562,1,31.8794,66.2774,,
5,5,11,8,84.3054,0.000524042,1,24.4718,63.6744,,
5,6,11,5,103.378,0.000389125,1,36.678,65.4611,,
5,7,11,8,114.797,0.000735542,1,44.2829,63.9615,,
5,8,11,8,113.431,0.000716833,1,40.2188,67.8105,,
5,9,11,8,105.531,0.000857041,1,42.308,60.8827,,
5,10,11,2,78.0764,0.000805791,1,17.7668,64.2047,,
5,,,,,,,,0.000842604,64.8376,10

5,1,11,10,82.8032,0.000452416,1,18.1369,67.7853,,
5,2,11,9,120.56,0.000792625,1,46.4372,64.5752,,
5,3,11,2,107.303,0.000361416,1,40.584,63.7551,,
5,4,11,10,117.614,0.000797666,1,46.5129,62.9085,,
5,5,11,2,110.482,0.000884083,1,45.5365,60.1725,,
5,6,11,4,82.669,0.000969083,1,23.0223,63.6367,,
5,7,11,2,104.935,0.000564209,1,39.8453,63.1231,,
5,8,11,8,114.702,0.000331959,1,41.9381,66.598,,
5,9,11,7,104.946,0.000526917,1,38.1805,64.8768,,
5,10,11,4,109.049,0.000387083,1,36.4957,69.2511,,
5,,,,,,,,0.000606746,64.6682,10

6,1,11,6,106.434,0.00123479,1,46.5875,56.8488,,
6,2,11,10,102.773,0.0005765,1,37.6042,64.1258,,
6,3,11,6,112.07,0.000636958,1,44.4157,62.2933,,
6,4,11,3,110.429,0.00103933,1,48.52,56.8488,,
6,5,11,9,95.0041,0.00108058,1,40.1617,56.8488,,
6,6,11,10,78.1476,0.00108938,1,27.2545,56.8488,,
6,7,11,0,110.542,0.000520834,1,42.1574,63.9402,,
6,8,11,1,112.26,0.000519042,1,44.6265,62.1626,,
6,9,11,9,109.092,0.000541417,1,39.2673,66.2546,,
6,10,11,9,97.3576,0.000367208,1,33.2092,65.0259,,
6,,,,,,,,0.000760604,61.1198,10

6,1,11,1,102.034,0.000834292,1,40.9308,60.2706,,
6,2,11,4,111.709,0.000388833,1,41.8456,64.9635,,
6,3,11,2,113.618,0.000465917,1,41.7955,66.131,,
6,4,11,9,110.106,0.0007085,1,41.2897,64.6436,,
6,5,11,6,112.423,0.0003775,1,42.5902,64.542,,
6,6,11,6,115.501,0.0006755,1,48.0636,59.9869,,
6,7,11,3,107.023,0.000914375,1,38.5344,65.7822,,
6,8,11,9,108.709,0.000828833,1,40.9793,64.1609,,
6,9,11,4,112.025,0.000710125,1,41.437,65.605,,
6,10,11,3,107.12,0.000440584,1,35.441,69.1558,,
6,,,,,,,,0.000634446,64.5241,10

6,1,11,0,110.366,0.000665125,1,40.6819,65.467,,
6,2,11,0,77.9882,0.000345833,1,16.6827,64.9777,,
6,3,11,8,110.713,0.000460334,1,43.3175,62.7549,,
6,4,11,5,110.473,0.00124562,1,43.9644,61.9043,,
6,5,11,6,79.7628,0.000822875,1,16.8253,66.3425,,
6,6,11,9,110.489,0.000345417,1,37.8985,68.6156,,
6,7,11,7,114.491,0.000327291,1,42.0448,66.3534,,
6,8,11,10,110.458,0.000709958,1,39.9153,66.3682,,
6,9,11,1,97.3243,0.000510125,1,31.1181,67.0389,,
6,10,11,1,110.579,0.000510292,1,40.4116,65.892,,
6,,,,,,,,0.000594288,65.5715,10

7,1,11,4,117.5,0.000384041,1,46.1885,63.2288,,
7,2,11,5,76.9923,0.000344958,1,16.0149,64.662,,
7,3,11,5,115.657,0.000976542,1,51.2364,56.3984,,
7,4,11,10,107.33,0.000671667,1,40.6182,63.7346,,
7,5,11,6,83.5288,0.000442291,1,23.5469,63.8604,,
7,6,11,7,96.7585,0.000508792,1,33.3513,64.4883,,
7,7,11,1,101.959,0.00042425,1,39.9613,61.2149,,
7,8,11,6,95.3959,0.000684208,1,33.1851,63.7386,,
7,9,11,8,113.021,0.000480292,1,41.6571,65.9398,,
7,10,11,8,72.9931,0.000379833,1,9.31419,66.1944,,
7,,,,,,,,0.000529687,63.346,10

7,1,11,8,113.372,0.000418209,1,45.6271,61.6433,,
7,2,11,6,100.544,0.000527083,1,32.7386,67.6272,,
7,3,11,0,103.475,0.0004635,1,35.2335,67.0168,,
7,4,11,1,110.286,0.000385917,1,40.982,65.0886,,
7,5,11,6,110.117,0.000875083,1,44.7928,60.7923,,
7,6,11,0,111.329,0.000913083,1,44.1038,62.2286,,
7,7,11,1,102.665,0.000352291,1,34.3096,67.4409,,
7,8,11,8,82.8105,0.000448584,1,25.7264,61.5064,,
7,9,11,1,118.712,0.000766584,1,46.272,63.7816,,
7,10,11,9,118.932,0.000349208,1,46.4804,63.652,,
7,,,,,,,,0.000549954,64.0778,10

7,1,11,4,103.722,0.000704209,1,40.4,61.8181,,
7,2,11,3,83.215,0.000639875,1,23.1609,63.9416,,
7,3,11,1,111.96,0.000520791,1,44.0659,62.6236,,
7,4,11,6,67.645,0.000744708,1,8.80135,61.6913,,
7,5,11,10,105.925,0.000378917,1,40.4814,63.0449,,
7,6,11,4,111.31,0.000941375,1,42.9528,63.499,,
7,7,11,4,87.3753,0.000492792,1,30.3674,60.8417,,
7,8,11,8,108.93,0.00039975,1,40.3167,65.0131,,
7,9,11,3,104.594,0.000576833,1,39.3562,63.4298,,
7,10,11,4,117.207,0.000541041,1,45.1034,64.3425,,
7,,,,,,,,0.000594029,63.0246,10

Selected Parameters: T0=1000, Tmin=0.001, Alpha=0.95, ItersPerT=100, MaxNoImprove=1000

8,1,11,9,101.692,0.00069825,1,39.2785,61.7486,,
8,2,11,4,105.685,0.000594792,1,37.907,65.6231,,
8,3,11,8,107.892,0.000997417,1,47.7262,56.3993,,
8,4,11,8,107.577,0.00103629,1,47.573,56.3993,,
8,5,11,7,105.927,0.00106408,1,46.7564,56.3993,,
8,6,11,8,112.33,0.0010665,1,49.7915,56.3993,,
8,7,11,5,94.9819,0.00034325,1,35.14,61.6052,,
8,8,11,9,101.281,0.000393333,1,34.2329,66.6097,,
8,9,11,2,116.469,0.000496875,1,44.7748,64.3202,,
8,10,11,9,112.989,0.000447167,1,45.4731,61.6095,,
8,,,,,,,,0.000713796,60.7113,10

9,1,11,5,109.765,0.00104637,1,46.8558,58.3337,,
9,2,11,7,103.018,0.000427,1,38.165,63.7014,,
9,3,11,8,108.574,0.000505792,1,40.038,65.1031,,
9,4,11,3,110.967,0.00101433,1,47.4314,58.3337,,
9,5,11,2,77.0978,0.000386416,1,17.6865,63.4619,,
9,6,11,4,104.492,0.00111388,1,44.1738,58.3337,,
9,7,11,8,110.04,0.000631167,1,40.9267,65.0046,,
9,8,11,10,104.616,0.00036775,1,40.5905,62.1519,,
9,9,11,10,111.459,0.000731834,1,43.4958,62.9787,,
9,10,11,0,120.365,0.00111204,1,51.5358,58.3337,,
9,,,,,,,,0.000733658,61.5736,10

10,1,11,6,109.78,0.000408958,1,41.0125,64.7564,,
10,2,11,6,122.407,0.00109829,1,53.6581,56.7259,,
10,3,11,0,102.266,0.00100954,1,44.5309,56.7259,,
10,4,11,9,81.5518,0.000558959,1,23.0113,62.7856,,
10,5,11,6,70.022,0.000331666,1,7.29394,64.9146,,
10,6,11,0,80.6473,0.000420875,1,15.4522,68.1855,,
10,7,11,9,109.085,0.00104629,1,47.9985,56.7259,,
10,8,11,5,79.6278,0.00114925,1,28.7612,56.7259,,
10,9,11,4,113.319,0.000398333,1,39.6526,68.3852,,
10,10,11,7,108.158,0.00108446,1,47.553,56.7259,,
10,,,,,,,,0.000750662,61.2657,10



